[{"model": "api.category", "pk": 1, "fields": {"name": "\u0424\u0438\u043b\u044c\u043c", "slug": "movie"}}, {"model": "api.category", "pk": 2, "fields": {"name": "\u041a\u043d\u0438\u0433\u0430", "slug": "book"}}, {"model": "api.category", "pk": 3, "fields": {"name": "\u041c\u0443\u0437\u044b\u043a\u0430", "slug": "music"}}, {"model": "api.genre", "pk": 1, "fields": {"name": "\u0414\u0440\u0430\u043c\u0430", "slug": "drama"}}, {"model": "api.genre", "pk": 2, "fields": {"name": "\u041a\u043e\u043c\u0435\u0434\u0438\u044f", "slug": "comedy"}}, {"model": "api.genre", "pk": 3, "fields": {"name": "\u0412\u0435\u0441\u0442\u0435\u0440\u043d", "slug": "western"}}, {"model": "api.genre", "pk": 4, "fields": {"name": "\u0424\u044d\u043d\u0442\u0435\u0437\u0438", "slug": "fantasy"}}, {"model": "api.genre", "pk": 5, "fields": {"name": "\u0424\u0430\u043d\u0442\u0430\u0441\u0442\u0438\u043a\u0430", "slug": "sci-fi"}}, {"model": "api.genre", "pk": 6, "fields": {"name": "\u0414\u0435\u0442\u0435\u043a\u0442\u0438\u0432", "slug": "detective"}}, {"model": "api.genre", "pk": 7, "fields": {"name": "\u0422\u0440\u0438\u043b\u043b\u0435\u0440", "slug": "thriller"}}, {"model": "api.genre", "pk": 8, "fields": {"name": "\u0421\u043a\u0430\u0437\u043a\u0430", "slug": "tale"}}, {"model": "api.genre", "pk": 9, "fields": {"name": "\u0413\u043e\u043d\u0437\u043e", "slug": "gonzo"}}, {"model": "api.genre", "pk": 10, "fields": {"name": "\u0420\u043e\u043c\u0430\u043d", "slug": "roman"}}, {"model": "api.genre", "pk": 11, "fields": {"name": "\u0411\u0430\u043b\u043b\u0430\u0434\u0430", "slug": "ballad"}}, {"model": "api.genre", "pk": 12, "fields": {"name": "Rock-n-roll", "slug": "rock-n-roll"}}, {"model": "api.genre", "pk": 13, "fields": {"name": "\u041a\u043b\u0430\u0441\u0441\u0438\u043a\u0430", "slug": "classical"}}, {"model": "api.genre", "pk": 14, "fields": {"name": "\u0420\u043e\u043a", "slug": "rock"}}, {"model": "api.genre", "pk": 15, "fields": {"name": "\u0428\u0430\u043d\u0441\u043e\u043d", "slug": "chanson"}}, {"model": "api.title", "pk": 1, "fields": {"name": "\u041f\u043e\u0431\u0435\u0433 \u0438\u0437 \u0428\u043e\u0443\u0448\u0435\u043d\u043a\u0430", "year": "1994-01-01", "category": 1, "description": null, "genre": [1]}}, {"model": "api.title", "pk": 2, "fields": {"name": "\u041a\u0440\u0435\u0441\u0442\u043d\u044b\u0439 \u043e\u0442\u0435\u0446", "year": "1972-01-01", "category": 1, "description": null, "genre": [1]}}, {"model": "api.title", "pk": 3, "fields": {"name": "12 \u0440\u0430\u0437\u0433\u043d\u0435\u0432\u0430\u043d\u043d\u044b\u0445 \u043c\u0443\u0436\u0447\u0438\u043d", "year": "1957-01-01", "category": 1, "description": null, "genre": [1]}}, {"model": "api.title", "pk": 4, "fields": {"name": "\u0421\u043f\u0438\u0441\u043e\u043a \u0428\u0438\u043d\u0434\u043b\u0435\u0440\u0430", "year": "1993-01-01", "category": 1, "description": null, "genre": [1]}}, {"model": "api.title", "pk": 5, "fields": {"name": "\u041a\u0440\u0438\u043c\u0438\u043d\u0430\u043b\u044c\u043d\u043e\u0435 \u0447\u0442\u0438\u0432\u043e", "year": "1994-01-01", "category": 1, "description": null, "genre": [2, 6, 7]}}, {"model": "api.title", "pk": 6, "fields": {"name": "\u0425\u043e\u0440\u043e\u0448\u0438\u0439, \u043f\u043b\u043e\u0445\u043e\u0439, \u0437\u043b\u043e\u0439", "year": "1966-01-01", "category": 1, "description": null, "genre": [3]}}, {"model": "api.title", "pk": 7, "fields": {"name": "\u0412\u043b\u0430\u0441\u0442\u0435\u043b\u0438\u043d \u043a\u043e\u043b\u0435\u0446: \u0411\u0440\u0430\u0442\u0441\u0442\u0432\u043e \u043a\u043e\u043b\u044c\u0446\u0430", "year": "2001-01-01", "category": 1, "description": null, "genre": [4]}}, {"model": "api.title", "pk": 8, "fields": {"name": "\u0411\u043e\u0439\u0446\u043e\u0432\u0441\u043a\u0438\u0439 \u043a\u043b\u0443\u0431", "year": "1999-01-01", "category": 1, "description": null, "genre": [7]}}, {"model": "api.title", "pk": 9, "fields": {"name": "\u0424\u043e\u0440\u0440\u0435\u0441\u0442 \u0413\u0430\u043c\u043f", "year": "1994-01-01", "category": 1, "description": null, "genre": [1, 2]}}, {"model": "api.title", "pk": 10, "fields": {"name": "\u0417\u0432\u0451\u0437\u0434\u043d\u044b\u0435 \u0432\u043e\u0439\u043d\u044b. \u042d\u043f\u0438\u0437\u043e\u0434 5: \u0418\u043c\u043f\u0435\u0440\u0438\u044f \u043d\u0430\u043d\u043e\u0441\u0438\u0442 \u043e\u0442\u0432\u0435\u0442\u043d\u044b\u0439 \u0443\u0434\u0430\u0440", "year": "1980-01-01", "category": 1, "description": null, "genre": [4]}}, {"model": "api.title", "pk": 11, "fields": {"name": "\u0412\u043b\u0430\u0441\u0442\u0435\u043b\u0438\u043d \u043a\u043e\u043b\u0435\u0446: \u0414\u0432\u0435 \u043a\u0440\u0435\u043f\u043e\u0441\u0442\u0438", "year": "2002-01-01", "category": 1, "description": null, "genre": [4]}}, {"model": "api.title", "pk": 12, "fields": {"name": "\u041c\u0430\u0442\u0440\u0438\u0446\u0430", "year": "1999-01-01", "category": 1, "description": null, "genre": [1, 5, 6, 8]}}, {"model": "api.title", "pk": 13, "fields": {"name": "\u041f\u0440\u043e\u043b\u0435\u0442\u0430\u044f \u043d\u0430\u0434 \u0433\u043d\u0435\u0437\u0434\u043e\u043c \u043a\u0443\u043a\u0443\u0448\u043a\u0438", "year": "1975-01-01", "category": 1, "description": null, "genre": [1]}}, {"model": "api.title", "pk": 14, "fields": {"name": "\u041d\u0430\u0437\u0430\u0434 \u0432 \u0431\u0443\u0434\u0443\u0449\u0435\u0435", "year": "1985-01-01", "category": 1, "description": null, "genre": [5]}}, {"model": "api.title", "pk": 15, "fields": {"name": "\u041e\u043f\u0435\u0440\u0430\u0446\u0438\u044f \u00ab\u042b\u00bb \u0438 \u0434\u0440\u0443\u0433\u0438\u0435 \u043f\u0440\u0438\u043a\u043b\u044e\u0447\u0435\u043d\u0438\u044f \u0428\u0443\u0440\u0438\u043a\u0430", "year": "1965-01-01", "category": 1, "description": null, "genre": [2, 6, 8]}}, {"model": "api.title", "pk": 16, "fields": {"name": "\u041a\u0430\u0440\u0442\u044b, \u0434\u0435\u043d\u044c\u0433\u0438, \u0434\u0432\u0430 \u0441\u0442\u0432\u043e\u043b\u0430", "year": "1998-01-01", "category": 1, "description": null, "genre": [2]}}, {"model": "api.title", "pk": 17, "fields": {"name": "\u0414\u0436\u0435\u043d\u0442\u043b\u044c\u043c\u0435\u043d\u044b \u0443\u0434\u0430\u0447\u0438 ", "year": "1971-01-01", "category": 1, "description": null, "genre": [2]}}, {"model": "api.title", "pk": 18, "fields": {"name": "\u0414\u0436\u0430\u043d\u0433\u043e \u043e\u0441\u0432\u043e\u0431\u043e\u0436\u0434\u0435\u043d\u043d\u044b\u0439", "year": "2012-01-01", "category": 1, "description": null, "genre": [1]}}, {"model": "api.title", "pk": 19, "fields": {"name": "Generation \u041f", "year": "2011-01-01", "category": 1, "description": null, "genre": [1]}}, {"model": "api.title", "pk": 20, "fields": {"name": "\u041a\u043e\u043b\u043e\u0431\u043e\u043a", "year": "1873-01-01", "category": 2, "description": null, "genre": [7, 8]}}, {"model": "api.title", "pk": 21, "fields": {"name": "\u0421\u0442\u0440\u0430\u0445 \u0438 \u043d\u0435\u043d\u0430\u0432\u0438\u0441\u0442\u044c \u0432 \u041b\u0430\u0441-\u0412\u0435\u0433\u0430\u0441\u0435", "year": "1971-01-01", "category": 2, "description": null, "genre": [9]}}, {"model": "api.title", "pk": 22, "fields": {"name": "\u0412\u043e\u0439\u043d\u0430 \u0438 \u043c\u0438\u0440", "year": "1865-01-01", "category": 2, "description": null, "genre": [10]}}, {"model": "api.title", "pk": 23, "fields": {"name": "\u0423\u043b\u0438\u0441\u0441", "year": "1918-01-01", "category": 2, "description": null, "genre": [10]}}, {"model": "api.title", "pk": 24, "fields": {"name": "Generation \u041f", "year": "1999-01-01", "category": 2, "description": null, "genre": [10]}}, {"model": "api.title", "pk": 25, "fields": {"name": "\u0412\u0438\u043d\u043d\u0438 \u041f\u0443\u0445 \u0438 \u0432\u0441\u0435-\u0432\u0441\u0435-\u0432\u0441\u0435", "year": "1926-01-01", "category": 2, "description": null, "genre": [8]}}, {"model": "api.title", "pk": 26, "fields": {"name": "\u0421\u0442\u0430\u0441 \u041c\u0438\u0445\u0430\u0439\u043b\u043e\u0432 - \u041f\u043e\u0437\u044b\u0432\u043d\u044b\u0435 \u043d\u0430 \u043b\u044e\u0431\u043e\u0432\u044c", "year": "2004-01-01", "category": 3, "description": null, "genre": [15]}}, {"model": "api.title", "pk": 27, "fields": {"name": "Led Zeppelin \u2014 Stairway to Heaven", "year": "1971-01-01", "category": 3, "description": null, "genre": [11, 14]}}, {"model": "api.title", "pk": 28, "fields": {"name": "Jethro Tull - Aqualung", "year": "1971-01-01", "category": 3, "description": null, "genre": [11]}}, {"model": "api.title", "pk": 29, "fields": {"name": "Elvis Presley - Blue Suede Shoes", "year": "1955-01-01", "category": 3, "description": null, "genre": [12]}}, {"model": "api.title", "pk": 30, "fields": {"name": "Deep Purple \u2014 Smoke on the Water", "year": "1971-01-01", "category": 3, "description": null, "genre": [14]}}, {"model": "api.title", "pk": 31, "fields": {"name": "\u041c\u043e\u0446\u0430\u0440\u0442 - \u0422\u0443\u0440\u0435\u0446\u043a\u0438\u0439 \u043c\u0430\u0440\u0448", "year": "1784-01-01", "category": 3, "description": null, "genre": [13]}}, {"model": "api.title", "pk": 32, "fields": {"name": "\u0411\u0430\u0445. \u041e\u0440\u043a\u0435\u0441\u0442\u0440\u043e\u0432\u0430\u044f \u0421\u044e\u0438\u0442\u0430 \u21162 \u0441\u0438 \u043c\u0438\u043d\u043e\u0440", "year": "1739-01-01", "category": 3, "description": null, "genre": [13]}}, {"model": "api.title", "pk": 34, "fields": {"name": "\u0414\u043e\u0431\u0430\u0432\u043b\u0435\u043d\u043d\u044b\u0439 \u043f\u043e\u0441\u0442", "year": null, "category": null, "description": null, "genre": []}}, {"model": "api.title", "pk": 35, "fields": {"name": "\u0414\u043e\u0431\u0430\u0432\u043b\u0435\u043d\u043d\u044b\u0439 \u043f\u043e\u0441\u0442", "year": null, "category": null, "description": null, "genre": []}}, {"model": "api.title", "pk": 36, "fields": {"name": "\u0414\u043e\u0431\u0430\u0432\u043b\u0435\u043d\u043d\u044b\u0439 \u043f\u043e\u0441\u0442", "year": "1993-01-01", "category": null, "description": null, "genre": []}}, {"model": "api.title", "pk": 37, "fields": {"name": "\u0414\u043e\u0431\u0430\u0432\u043b\u0435\u043d\u043d\u044b\u0439 \u043f\u043e\u0441\u0442", "year": null, "category": null, "description": null, "genre": []}}, {"model": "api.title", "pk": 38, "fields": {"name": "\u0414\u043e\u0431\u0430\u0432\u043b\u0435\u043d\u043d\u044b\u0439 \u043f\u043e\u0441\u0442", "year": null, "category": null, "description": null, "genre": []}}, {"model": "api.title", "pk": 39, "fields": {"name": "\u0414\u043e\u0431\u0430\u0432\u043b\u0435\u043d\u043d\u044b\u0439 \u043f\u043e\u0441\u0442", "year": null, "category": null, "description": null, "genre": []}}, {"model": "api.title", "pk": 40, "fields": {"name": "\u0414\u043e\u0431\u0430\u0432\u043b\u0435\u043d\u043d\u044b\u0439 \u043f\u043e\u0441\u0442", "year": null, "category": null, "description": null, "genre": []}}, {"model": "api.title", "pk": 41, "fields": {"name": "\u0414\u043e\u0431\u0430\u0432\u043b\u0435\u043d\u043d\u044b\u0439 \u043f\u043e\u0441\u0442", "year": "1993-01-01", "category": null, "description": null, "genre": []}}, {"model": "api.title", "pk": 42, "fields": {"name": "\u0414\u043e\u0431\u0430\u0432\u043b\u0435\u043d\u043d\u044b\u0439 \u043f\u043e\u0441\u0442", "year": null, "category": null, "description": null, "genre": []}}, {"model": "api.title", "pk": 43, "fields": {"name": "\u0414\u043e\u0431\u0430\u0432\u043b\u0435\u043d\u043d\u044b\u0439 \u043f\u043e\u0441\u0442", "year": null, "category": null, "description": null, "genre": []}}, {"model": "api.title", "pk": 44, "fields": {"name": "\u0414\u043e\u0431\u0430\u0432\u043b\u0435\u043d\u043d\u044b\u0439 \u043f\u043e\u0441\u0442", "year": null, "category": null, "description": null, "genre": []}}, {"model": "api.title", "pk": 45, "fields": {"name": "\u0414\u043e\u0431\u0430\u0432\u043b\u0435\u043d\u043d\u044b\u0439 \u043f\u043e\u0441\u0442", "year": null, "category": null, "description": null, "genre": [6]}}, {"model": "api.title", "pk": 46, "fields": {"name": "\u0414\u043e\u0431\u0430\u0432\u043b\u0435\u043d\u043d\u044b\u0439 \u043f\u043e\u0441\u0442", "year": null, "category": null, "description": null, "genre": []}}, {"model": "api.title", "pk": 47, "fields": {"name": "\u0414\u043e\u0431\u0430\u0432\u043b\u0435\u043d\u043d\u044b\u0439 \u043f\u043e\u0441\u0442", "year": null, "category": null, "description": null, "genre": []}}, {"model": "api.title", "pk": 48, "fields": {"name": "\u0414\u043e\u0431\u0430\u0432\u043b\u0435\u043d\u043d\u044b\u0439 \u043f\u043e\u0441\u0442", "year": null, "category": null, "description": null, "genre": []}}, {"model": "api.title", "pk": 49, "fields": {"name": "\u0414\u043e\u0431\u0430\u0432\u043b\u0435\u043d\u043d\u044b\u0439 \u043f\u043e\u0441\u0442", "year": null, "category": null, "description": null, "genre": []}}, {"model": "api.title", "pk": 50, "fields": {"name": "\u0414\u043e\u0431\u0430\u0432\u043b\u0435\u043d\u043d\u044b\u0439 \u043f\u043e\u0441\u0442", "year": null, "category": null, "description": null, "genre": []}}, {"model": "api.title", "pk": 51, "fields": {"name": "\u0414\u043e\u0431\u0430\u0432\u043b\u0435\u043d\u043d\u044b\u0439 \u043f\u043e\u0441\u0442", "year": null, "category": null, "description": null, "genre": []}}, {"model": "api.title", "pk": 52, "fields": {"name": "\u0414\u043e\u0431\u0430\u0432\u043b\u0435\u043d\u043d\u044b\u0439 \u043f\u043e\u0441\u0442", "year": null, "category": null, "description": null, "genre": []}}, {"model": "api.title", "pk": 53, "fields": {"name": "\u0414\u043e\u0431\u0430\u0432\u043b\u0435\u043d\u043d\u044b\u0439 \u043f\u043e\u0441\u0442", "year": null, "category": null, "description": null, "genre": []}}, {"model": "api.title", "pk": 54, "fields": {"name": "\u0414\u043e\u0431\u0430\u0432\u043b\u0435\u043d\u043d\u044b\u0439 \u043f\u043e\u0441\u0442", "year": "1993-01-01", "category": null, "description": null, "genre": []}}, {"model": "api.title", "pk": 55, "fields": {"name": "\u0414\u043e\u0431\u0430\u0432\u043b\u0435\u043d\u043d\u044b\u0439 \u043f\u043e\u0441\u0442", "year": "1993-01-01", "category": null, "description": null, "genre": []}}, {"model": "api.title", "pk": 56, "fields": {"name": "\u0414\u043e\u0431\u0430\u0432\u043b\u0435\u043d\u043d\u044b\u0439 \u043f\u043e\u0441\u0442", "year": null, "category": null, "description": null, "genre": []}}, {"model": "api.title", "pk": 57, "fields": {"name": "\u0414\u043e\u0431\u0430\u0432\u043b\u0435\u043d\u043d\u044b\u0439 \u043f\u043e\u0441\u0442", "year": "1993-01-01", "category": null, "description": null, "genre": []}}, {"model": "api.title", "pk": 58, "fields": {"name": "\u0414\u043e\u0431\u0430\u0432\u043b\u0435\u043d\u043d\u044b\u0439 \u043f\u043e\u0441\u0442", "year": null, "category": null, "description": null, "genre": []}}, {"model": "api.title", "pk": 59, "fields": {"name": "\u0414\u043e\u0431\u0430\u0432\u043b\u0435\u043d\u043d\u044b\u0439 \u043f\u043e\u0441\u0442", "year": null, "category": null, "description": null, "genre": []}}, {"model": "api.title", "pk": 60, "fields": {"name": "\u0414\u043e\u0431\u0430\u0432\u043b\u0435\u043d\u043d\u044b\u0439 \u043f\u043e\u0441\u0442", "year": null, "category": null, "description": null, "genre": []}}, {"model": "api.title", "pk": 61, "fields": {"name": "\u0414\u043e\u0431\u0430\u0432\u043b\u0435\u043d\u043d\u044b\u0439 \u043f\u043e\u0441\u0442", "year": null, "category": null, "description": null, "genre": []}}, {"model": "api.title", "pk": 62, "fields": {"name": "\u0414\u043e\u0431\u0430\u0432\u043b\u0435\u043d\u043d\u044b\u0439 \u043f\u043e\u0441\u0442", "year": null, "category": null, "description": null, "genre": []}}, {"model": "api.title", "pk": 63, "fields": {"name": "\u0414\u043e\u0431\u0430\u0432\u043b\u0435\u043d\u043d\u044b\u0439 \u043f\u043e\u0441\u0442", "year": null, "category": null, "description": null, "genre": []}}, {"model": "api.title", "pk": 64, "fields": {"name": "\u0414\u043e\u0431\u0430\u0432\u043b\u0435\u043d\u043d\u044b\u0439 \u043f\u043e\u0441\u0442", "year": null, "category": null, "description": null, "genre": []}}, {"model": "api.title", "pk": 65, "fields": {"name": "\u0414\u043e\u0431\u0430\u0432\u043b\u0435\u043d\u043d\u044b\u0439 \u043f\u043e\u0441\u0442", "year": null, "category": null, "description": null, "genre": []}}, {"model": "api.title", "pk": 66, "fields": {"name": "\u0414\u043e\u0431\u0430\u0432\u043b\u0435\u043d\u043d\u044b\u0439 \u043f\u043e\u0441\u0442", "year": null, "category": null, "description": null, "genre": []}}, {"model": "api.title", "pk": 67, "fields": {"name": "\u0414\u043e\u0431\u0430\u0432\u043b\u0435\u043d\u043d\u044b\u0439 \u043f\u043e\u0441\u0442", "year": null, "category": null, "description": null, "genre": []}}, {"model": "api.title", "pk": 68, "fields": {"name": "\u0414\u043e\u0431\u0430\u0432\u043b\u0435\u043d\u043d\u044b\u0439 \u043f\u043e\u0441\u0442", "year": null, "category": null, "description": null, "genre": []}}, {"model": "api.title", "pk": 69, "fields": {"name": "\u0414\u043e\u0431\u0430\u0432\u043b\u0435\u043d\u043d\u044b\u0439 \u043f\u043e\u0441\u0442", "year": null, "category": null, "description": null, "genre": []}}, {"model": "api.title", "pk": 70, "fields": {"name": "\u0414\u043e\u0431\u0430\u0432\u043b\u0435\u043d\u043d\u044b\u0439 \u043f\u043e\u0441\u0442", "year": "1993-01-01", "category": null, "description": null, "genre": []}}, {"model": "api.title", "pk": 71, "fields": {"name": "\u0414\u043e\u0431\u0430\u0432\u043b\u0435\u043d\u043d\u044b\u0439 \u043f\u043e\u0441\u0442", "year": null, "category": null, "description": null, "genre": []}}, {"model": "api.title", "pk": 72, "fields": {"name": "\u0414\u043e\u0431\u0430\u0432\u043b\u0435\u043d\u043d\u044b\u0439 \u043f\u043e\u0441\u0442", "year": "1993-01-01", "category": null, "description": null, "genre": []}}, {"model": "api.title", "pk": 73, "fields": {"name": "\u0414\u043e\u0431\u0430\u0432\u043b\u0435\u043d\u043d\u044b\u0439 \u043f\u043e\u0441\u0442", "year": "1993-01-01", "category": null, "description": null, "genre": []}}, {"model": "api.title", "pk": 74, "fields": {"name": "\u0414\u043e\u0431\u0430\u0432\u043b\u0435\u043d\u043d\u044b\u0439 \u043f\u043e\u0441\u0442", "year": "1993-01-01", "category": null, "description": null, "genre": []}}, {"model": "api.title", "pk": 75, "fields": {"name": "\u0414\u043e\u0431\u0430\u0432\u043b\u0435\u043d\u043d\u044b\u0439 \u043f\u043e\u0441\u0442", "year": "1993-01-01", "category": null, "description": null, "genre": []}}, {"model": "api.title", "pk": 76, "fields": {"name": "\u0414\u043e\u0431\u0430\u0432\u043b\u0435\u043d\u043d\u044b\u0439 \u043f\u043e\u0441\u0442", "year": "1993-01-01", "category": null, "description": null, "genre": []}}, {"model": "api.title", "pk": 77, "fields": {"name": "\u0414\u043e\u0431\u0430\u0432\u043b\u0435\u043d\u043d\u044b\u0439 \u043f\u043e\u0441\u0442", "year": null, "category": null, "description": null, "genre": []}}, {"model": "api.title", "pk": 78, "fields": {"name": "\u0414\u043e\u0431\u0430\u0432\u043b\u0435\u043d\u043d\u044b\u0439 \u043f\u043e\u0441\u0442", "year": null, "category": null, "description": null, "genre": []}}, {"model": "api.title", "pk": 79, "fields": {"name": "\u0414\u043e\u0431\u0430\u0432\u043b\u0435\u043d\u043d\u044b\u0439 \u043f\u043e\u0441\u0442", "year": null, "category": null, "description": null, "genre": []}}, {"model": "api.title", "pk": 80, "fields": {"name": "\u0414\u043e\u0431\u0430\u0432\u043b\u0435\u043d\u043d\u044b\u0439 \u043f\u043e\u0441\u0442", "year": null, "category": null, "description": null, "genre": []}}, {"model": "api.title", "pk": 81, "fields": {"name": "\u0414\u043e\u0431\u0430\u0432\u043b\u0435\u043d\u043d\u044b\u0439 \u043f\u043e\u0441\u0442", "year": null, "category": null, "description": null, "genre": []}}, {"model": "api.title", "pk": 82, "fields": {"name": "\u0414\u043e\u0431\u0430\u0432\u043b\u0435\u043d\u043d\u044b\u0439 \u043f\u043e\u0441\u0442", "year": null, "category": null, "description": null, "genre": []}}, {"model": "api.title", "pk": 83, "fields": {"name": "\u0414\u043e\u0431\u0430\u0432\u043b\u0435\u043d\u043d\u044b\u0439 \u043f\u043e\u0441\u0442", "year": null, "category": null, "description": null, "genre": []}}, {"model": "api.title", "pk": 84, "fields": {"name": "\u0414\u043e\u0431\u0430\u0432\u043b\u0435\u043d\u043d\u044b\u0439 \u043f\u043e\u0441\u0442", "year": null, "category": null, "description": null, "genre": []}}, {"model": "api.title", "pk": 85, "fields": {"name": "\u0414\u043e\u0431\u0430\u0432\u043b\u0435\u043d\u043d\u044b\u0439 \u043f\u043e\u0441\u0442", "year": null, "category": null, "description": null, "genre": []}}, {"model": "api.title", "pk": 86, "fields": {"name": "\u0414\u043e\u0431\u0430\u0432\u043b\u0435\u043d\u043d\u044b\u0439 \u043f\u043e\u0441\u0442", "year": null, "category": null, "description": null, "genre": []}}, {"model": "api.title", "pk": 87, "fields": {"name": "\u0414\u043e\u0431\u0430\u0432\u043b\u0435\u043d\u043d\u044b\u0439 \u043f\u043e\u0441\u0442", "year": null, "category": null, "description": null, "genre": []}}, {"model": "api.title", "pk": 88, "fields": {"name": "\u0414\u043e\u0431\u0430\u0432\u043b\u0435\u043d\u043d\u044b\u0439 \u043f\u043e\u0441\u0442", "year": null, "category": null, "description": null, "genre": []}}, {"model": "api.title", "pk": 89, "fields": {"name": "\u0414\u043e\u0431\u0430\u0432\u043b\u0435\u043d\u043d\u044b\u0439 \u043f\u043e\u0441\u0442", "year": null, "category": null, "description": null, "genre": []}}, {"model": "api.title", "pk": 90, "fields": {"name": "\u0414\u043e\u0431\u0430\u0432\u043b\u0435\u043d\u043d\u044b\u0439 \u043f\u043e\u0441\u0442", "year": null, "category": null, "description": null, "genre": []}}, {"model": "api.title", "pk": 91, "fields": {"name": "\u0414\u043e\u0431\u0430\u0432\u043b\u0435\u043d\u043d\u044b\u0439 \u043f\u043e\u0441\u0442", "year": null, "category": null, "description": null, "genre": []}}, {"model": "api.title", "pk": 92, "fields": {"name": "\u0414\u043e\u0431\u0430\u0432\u043b\u0435\u043d\u043d\u044b\u0439 \u043f\u043e\u0441\u0442", "year": null, "category": null, "description": null, "genre": []}}, {"model": "api.title", "pk": 93, "fields": {"name": "\u0414\u043e\u0431\u0430\u0432\u043b\u0435\u043d\u043d\u044b\u0439 \u043f\u043e\u0441\u0442", "year": null, "category": null, "description": null, "genre": []}}, {"model": "api.title", "pk": 94, "fields": {"name": "\u0414\u043e\u0431\u0430\u0432\u043b\u0435\u043d\u043d\u044b\u0439 \u043f\u043e\u0441\u0442", "year": null, "category": null, "description": null, "genre": []}}, {"model": "api.title", "pk": 95, "fields": {"name": "\u0414\u043e\u0431\u0430\u0432\u043b\u0435\u043d\u043d\u044b\u0439 \u043f\u043e\u0441\u0442", "year": null, "category": null, "description": null, "genre": []}}, {"model": "api.title", "pk": 96, "fields": {"name": "\u0414\u043e\u0431\u0430\u0432\u043b\u0435\u043d\u043d\u044b\u0439 \u043f\u043e\u0441\u0442", "year": null, "category": null, "description": null, "genre": []}}, {"model": "api.title", "pk": 97, "fields": {"name": "\u0414\u043e\u0431\u0430\u0432\u043b\u0435\u043d\u043d\u044b\u0439 \u043f\u043e\u0441\u0442", "year": null, "category": null, "description": null, "genre": []}}, {"model": "api.title", "pk": 98, "fields": {"name": "\u0414\u043e\u0431\u0430\u0432\u043b\u0435\u043d\u043d\u044b\u0439 \u043f\u043e\u0441\u0442", "year": null, "category": null, "description": null, "genre": []}}, {"model": "api.title", "pk": 99, "fields": {"name": "\u0414\u043e\u0431\u0430\u0432\u043b\u0435\u043d\u043d\u044b\u0439 \u043f\u043e\u0441\u0442", "year": null, "category": null, "description": null, "genre": []}}, {"model": "api.title", "pk": 100, "fields": {"name": "\u0414\u043e\u0431\u0430\u0432\u043b\u0435\u043d\u043d\u044b\u0439 \u043f\u043e\u0441\u0442", "year": null, "category": null, "description": null, "genre": []}}, {"model": "api.title", "pk": 101, "fields": {"name": "\u0414\u043e\u0431\u0430\u0432\u043b\u0435\u043d\u043d\u044b\u0439 \u043f\u043e\u0441\u0442", "year": null, "category": null, "description": null, "genre": []}}, {"model": "api.title", "pk": 102, "fields": {"name": "\u0414\u043e\u0431\u0430\u0432\u043b\u0435\u043d\u043d\u044b\u0439 \u043f\u043e\u0441\u0442", "year": null, "category": null, "description": null, "genre": []}}, {"model": "api.title", "pk": 103, "fields": {"name": "\u0414\u043e\u0431\u0430\u0432\u043b\u0435\u043d\u043d\u044b\u0439 \u043f\u043e\u0441\u0442", "year": "1993-01-01", "category": null, "description": null, "genre": []}}, {"model": "api.title", "pk": 104, "fields": {"name": "\u0414\u043e\u0431\u0430\u0432\u043b\u0435\u043d\u043d\u044b\u0439 \u043f\u043e\u0441\u0442", "year": "1993-01-01", "category": null, "description": null, "genre": []}}, {"model": "api.title", "pk": 105, "fields": {"name": "\u0414\u043e\u0431\u0430\u0432\u043b\u0435\u043d\u043d\u044b\u0439 \u043f\u043e\u0441\u0442", "year": "1993-01-01", "category": null, "description": null, "genre": []}}, {"model": "api.title", "pk": 106, "fields": {"name": "\u0414\u043e\u0431\u0430\u0432\u043b\u0435\u043d\u043d\u044b\u0439 \u043f\u043e\u0441\u0442", "year": "1993-01-01", "category": null, "description": null, "genre": []}}, {"model": "api.title", "pk": 107, "fields": {"name": "\u0414\u043e\u0431\u0430\u0432\u043b\u0435\u043d\u043d\u044b\u0439 \u043f\u043e\u0441\u0442", "year": "1993-01-01", "category": null, "description": null, "genre": []}}, {"model": "api.title", "pk": 108, "fields": {"name": "\u0414\u043e\u0431\u0430\u0432\u043b\u0435\u043d\u043d\u044b\u0439 \u043f\u043e\u0441\u0442", "year": "1993-01-01", "category": null, "description": null, "genre": []}}, {"model": "api.title", "pk": 109, "fields": {"name": "\u0414\u043e\u0431\u0430\u0432\u043b\u0435\u043d\u043d\u044b\u0439 \u043f\u043e\u0441\u0442", "year": "1993-01-01", "category": null, "description": null, "genre": []}}, {"model": "api.title", "pk": 110, "fields": {"name": "\u0414\u043e\u0431\u0430\u0432\u043b\u0435\u043d\u043d\u044b\u0439 \u043f\u043e\u0441\u0442", "year": "1993-01-01", "category": null, "description": null, "genre": []}}, {"model": "api.title", "pk": 111, "fields": {"name": "\u0414\u043e\u0431\u0430\u0432\u043b\u0435\u043d\u043d\u044b\u0439 \u043f\u043e\u0441\u0442", "year": "1993-01-01", "category": null, "description": null, "genre": []}}, {"model": "api.title", "pk": 112, "fields": {"name": "\u0414\u043e\u0431\u0430\u0432\u043b\u0435\u043d\u043d\u044b\u0439 \u043f\u043e\u0441\u0442", "year": "1993-01-01", "category": null, "description": null, "genre": []}}, {"model": "api.title", "pk": 113, "fields": {"name": "\u0414\u043e\u0431\u0430\u0432\u043b\u0435\u043d\u043d\u044b\u0439 \u043f\u043e\u0441\u0442", "year": "1993-01-01", "category": null, "description": null, "genre": []}}, {"model": "api.title", "pk": 114, "fields": {"name": "\u0414\u043e\u0431\u0430\u0432\u043b\u0435\u043d\u043d\u044b\u0439 \u043f\u043e\u0441\u0442", "year": "1993-01-01", "category": null, "description": null, "genre": []}}, {"model": "api.title", "pk": 115, "fields": {"name": "\u0414\u043e\u0431\u0430\u0432\u043b\u0435\u043d\u043d\u044b\u0439 \u043f\u043e\u0441\u0442", "year": "1993-01-01", "category": null, "description": null, "genre": []}}, {"model": "api.title", "pk": 116, "fields": {"name": "\u0414\u043e\u0431\u0430\u0432\u043b\u0435\u043d\u043d\u044b\u0439 \u043f\u043e\u0441\u0442", "year": "1993-01-01", "category": null, "description": null, "genre": []}}, {"model": "api.title", "pk": 117, "fields": {"name": "\u0414\u043e\u0431\u0430\u0432\u043b\u0435\u043d\u043d\u044b\u0439 \u043f\u043e\u0441\u0442", "year": "1993-01-01", "category": null, "description": null, "genre": []}}, {"model": "api.title", "pk": 118, "fields": {"name": "\u0414\u043e\u0431\u0430\u0432\u043b\u0435\u043d\u043d\u044b\u0439 \u043f\u043e\u0441\u0442", "year": "1993-01-01", "category": null, "description": null, "genre": []}}, {"model": "api.title", "pk": 119, "fields": {"name": "\u0414\u043e\u0431\u0430\u0432\u043b\u0435\u043d\u043d\u044b\u0439 \u043f\u043e\u0441\u0442", "year": "1993-01-01", "category": null, "description": null, "genre": []}}, {"model": "api.title", "pk": 120, "fields": {"name": "\u0414\u043e\u0431\u0430\u0432\u043b\u0435\u043d\u043d\u044b\u0439 \u043f\u043e\u0441\u0442", "year": "1993-01-01", "category": null, "description": null, "genre": []}}, {"model": "api.title", "pk": 121, "fields": {"name": "\u0414\u043e\u0431\u0430\u0432\u043b\u0435\u043d\u043d\u044b\u0439 \u043f\u043e\u0441\u0442", "year": "1993-01-01", "category": null, "description": null, "genre": []}}, {"model": "api.title", "pk": 122, "fields": {"name": "\u0414\u043e\u0431\u0430\u0432\u043b\u0435\u043d\u043d\u044b\u0439 \u043f\u043e\u0441\u0442", "year": "1993-01-01", "category": null, "description": null, "genre": []}}, {"model": "api.title", "pk": 123, "fields": {"name": "\u0414\u043e\u0431\u0430\u0432\u043b\u0435\u043d\u043d\u044b\u0439 \u043f\u043e\u0441\u0442", "year": "1993-01-01", "category": null, "description": null, "genre": []}}, {"model": "api.title", "pk": 124, "fields": {"name": "\u0414\u043e\u0431\u0430\u0432\u043b\u0435\u043d\u043d\u044b\u0439 \u043f\u043e\u0441\u0442", "year": "1993-01-01", "category": null, "description": null, "genre": []}}, {"model": "api.title", "pk": 125, "fields": {"name": "\u0414\u043e\u0431\u0430\u0432\u043b\u0435\u043d\u043d\u044b\u0439 \u043f\u043e\u0441\u0442", "year": "1993-01-01", "category": null, "description": null, "genre": []}}, {"model": "api.title", "pk": 126, "fields": {"name": "\u0414\u043e\u0431\u0430\u0432\u043b\u0435\u043d\u043d\u044b\u0439 \u043f\u043e\u0441\u0442", "year": "1993-01-01", "category": null, "description": null, "genre": []}}, {"model": "api.title", "pk": 127, "fields": {"name": "\u0414\u043e\u0431\u0430\u0432\u043b\u0435\u043d\u043d\u044b\u0439 \u043f\u043e\u0441\u0442", "year": null, "category": 1, "description": null, "genre": []}}, {"model": "api.title", "pk": 128, "fields": {"name": "\u0414\u043e\u0431\u0430\u0432\u043b\u0435\u043d\u043d\u044b\u0439 \u043f\u043e\u0441\u0442", "year": null, "category": 1, "description": null, "genre": [6]}}, {"model": "api.title", "pk": 129, "fields": {"name": "\u0414\u043e\u0431\u0430\u0432\u043b\u0435\u043d\u043d\u044b\u0439 \u043f\u043e\u0441\u0442", "year": "1993-01-01", "category": 1, "description": null, "genre": [6]}}]